client_segment,operations,deviations,total_amount,total_expected_fee,total_actual_fee,total_fee_diff,total_potential_loss,total_overcharge_amount,avg_abs_fee_diff,deviation_rate
mass,5409,191,348451283.61,2289673.62,2215462.77,-74210.85,74210.85,0.0,13.719883527454243,0.03531151784063598
affluent,2020,74,131163279.27,664111.59,643285.64,-20825.95,20825.95,0.0,10.309876237623763,0.03663366336633663
sme,1903,56,124789942.98,769256.28,749404.96,-19851.32,19851.32,0.0,10.431592222806096,0.029427220178665267
corporate,668,19,47764707.29,183855.45,178896.88,-4958.57,4958.57,0.0,7.4230089820359275,0.02844311377245509
