channel,operations,deviations,total_amount,total_expected_fee,total_actual_fee,total_fee_diff,total_potential_loss,total_overcharge_amount,avg_abs_fee_diff,deviation_rate
branch,1878,62,118509475.62,1032216.73,992255.14,-39961.59,39961.59,0.0,21.278801916932906,0.03301384451544196
web,3222,99,206751672.09,1276962.79,1239811.64,-37151.15,37151.15,0.0,11.53046244568591,0.030726256983240222
pos,1887,77,133415733.95,637382.4,615738.26,-21644.14,21644.14,0.0,11.470132485426603,0.04080551139374669
mobile,2381,66,152203348.12,739565.51,725835.29,-13730.22,13730.22,0.0,5.766577068458631,0.02771944561108778
atm,632,36,41288983.37,220769.51,213409.92,-7359.59,7359.59,0.0,11.64492088607595,0.056962025316455694
