product_type,operations,deviations,total_amount,total_expected_fee,total_actual_fee,total_fee_diff,total_potential_loss,total_overcharge_amount,avg_abs_fee_diff,deviation_rate
account_service,1243,49,82413819.6,1650534.75,1602720.72,-47814.03,47814.03,0.0,38.466637168141595,0.039420756234915526
merchant_acquiring,1478,71,97543212.67,900573.47,874547.5,-26025.97,26025.97,0.0,17.608910690121785,0.04803788903924222
cash_withdrawals,1252,63,82960248.84,473789.65,452390.5,-21399.15,21399.15,0.0,17.09197284345048,0.050319488817891375
card_payments,3418,106,228433028.92,546456.66,532246.19,-14210.47,14210.47,0.0,4.157539496781744,0.0310122878876536
domestic_transfers,2609,51,160818903.12,335542.41,325145.34,-10397.07,10397.07,0.0,3.985078574166347,0.019547719432732848
